Porcelain Nonstick 15-Piece Cookware Set,Home,88.00,9
Glass Teapot with Stainless Steel Infuser,Home,15.99,30
King Size Diamond Design Velvet Bedspread,Home,32.99,12
Black Grain Wall Mounted Media Console,Home,67.99,2
Modern Standing LED Floor Lamp,Home,49.99,628
Inflatable Air Jet Hot Tub (Grey),Garden,999.99,3
Original 22-Inch Charcoal Grille,Garden,99.00,10
Backyard Cedar Pergola 12' by 10',Garden,1099.00,107
20V Electric Pressure Washer,Garden,82.26,1
Rectangular Modern Ceramic Planter,Garden,19.99,311
Wireless All-In-One Inkjet Printer,Electronics,39.99,50
Cordless Phone with Answering Machine,Electronics,42.99,2
RF Noise Cancelling Headphones,Electronics,129.00,120
39-Inch 1080p Smart TV,Electronics,249.99,304
DSLR Camera with 58mm Wide Anlge Lens,Electronics,419.95,762
Hydra-Shield 8-Person Tent,Sports&Outdoors,649.99,105
26-Inch Fat Tire Mountain Bike,Sports&Outdoors,239.99,4
Protect-Waist Safety Climbing Harness,Sports&Outdoors,18.99,73
Double Edge Scuba Diving Knife Set,Sports&Outdoors,10.95,2
Mini Water Filtration System,Sports&Outdoors,24.95,6